{
  "acc": 0.453000009059906,
  "loss": 2.1510493755340576,
  "top5": 0.757099986076355
}