{
  "acc": 0.7824000120162964,
  "loss": 0.8010790944099426,
  "top5": 0.9593999981880188
}